{"cameraMode":{"drawMode":0,"name":"Shaded","section":"Shading Mode"},"sceneLighting":false,"audioPlay":false,"sceneViewState":{"m_AlwaysRefresh":false,"showFog":true,"showSkybox":false,"showFlares":true,"showImageEffects":true,"showParticleSystems":true,"showVisualEffectGraphs":true,"m_FxEnabled":true},"in2DMode":false,"pivot":{"x":-9.617243766784668,"y":0.9852954745292664,"z":-10.67849349975586},"rotation":{"x":-0.009526347741484642,"y":0.9536047577857971,"z":-0.03034410998225212,"w":-0.29937759041786196},"size":1.5919792652130128,"orthographic":false}