{"cameraMode":{"drawMode":0,"name":"Shaded","section":"Shading Mode"},"sceneLighting":false,"audioPlay":false,"sceneViewState":{"m_AlwaysRefresh":false,"showFog":true,"showSkybox":false,"showFlares":true,"showImageEffects":true,"showParticleSystems":true,"showVisualEffectGraphs":true,"m_FxEnabled":true},"in2DMode":false,"pivot":{"x":0.7149551510810852,"y":1.2170758247375489,"z":1.7729313373565674},"rotation":{"x":-0.031198889017105104,"y":0.9538068175315857,"z":-0.10660858452320099,"w":-0.2791305184364319},"size":1.716242790222168,"orthographic":false}